"DESCRIPTION","DURATION IN MS","NAME","PARENT SUITE","START TIME","STATUS","STOP TIME","SUB SUITE","SUITE","TEST CLASS","TEST METHOD"
"","952","Verify an error response when exceeding max test phone numbers","TRUECALLER-ENTERPRISE-SDK-API-REGRESSION-SUITE","2026-10-06","failed","2026-10-06","com.truecaller.enterprise.sdk.Tests.ProjectServiceTest.ProjectTest","ProjectServiceTest","com.truecaller.enterprise.sdk.Tests.ProjectServiceTest.ProjectTest","shouldThrowErrorWhenExceedingMaxTestPhoneNumbers"
"","988","Business should be able to create credentials, add new fingerprint and delete fingerprint in TEST mode","TRUECALLER-ENTERPRISE-SDK-API-REGRESSION-SUITE","2026-10-06","failed","2026-10-06","com.truecaller.enterprise.sdk.Tests.ProjectServiceTest.ProjectCredentialsTest","ProjectCredentialsTest","com.truecaller.enterprise.sdk.Tests.ProjectServiceTest.ProjectCredentialsTest","businessShouldBeAbleToAddAndDeleteFingerprintSuccessfullyInTestMode"
"","984","Deactivate the Project which is in Active Status","TRUECALLER-ENTERPRISE-SDK-API-REGRESSION-SUITE","2026-10-06","failed","2026-10-06","com.truecaller.enterprise.sdk.Tests.ProjectServiceTest.ProjectTest","ProjectServiceTest","com.truecaller.enterprise.sdk.Tests.ProjectServiceTest.ProjectTest","businessShouldBeAbleToDeactivateProject"
"","1028","Validate the Error Message for Duplicate Name in Create Project","TRUECALLER-ENTERPRISE-SDK-API-REGRESSION-SUITE","2026-10-06","failed","2026-10-06","com.truecaller.enterprise.sdk.Tests.ProjectServiceTest.ProjectTest","ProjectServiceTest","com.truecaller.enterprise.sdk.Tests.ProjectServiceTest.ProjectTest","ShouldThrowErrorForDuplicateNameInCreateProject"
"","1009","Validate the Error Message for null value Business Category in Update Business Category","TRUECALLER-ENTERPRISE-SDK-API-REGRESSION-SUITE","2026-10-06","failed","2026-10-06","com.truecaller.enterprise.sdk.Tests.ProjectServiceTest.ProjectTest","ProjectServiceTest","com.truecaller.enterprise.sdk.Tests.ProjectServiceTest.ProjectTest","ShouldThrowErrorForNullBusinessCategoryInUpdateBusinessCategory"
"","982","Get project details for Invalid ProjectID","TRUECALLER-ENTERPRISE-SDK-API-REGRESSION-SUITE","2026-10-06","failed","2026-10-06","com.truecaller.enterprise.sdk.Tests.ProjectServiceTest.ProjectTest","ProjectServiceTest","com.truecaller.enterprise.sdk.Tests.ProjectServiceTest.ProjectTest","shouldThrowAnErrorForInvalidProjectIdInGetProjectDetails"
"","998","Business should be able to create credentials and update fingerprint in TEST mode","TRUECALLER-ENTERPRISE-SDK-API-REGRESSION-SUITE","2026-10-06","failed","2026-10-06","com.truecaller.enterprise.sdk.Tests.ProjectServiceTest.ProjectCredentialsTest","ProjectCredentialsTest","com.truecaller.enterprise.sdk.Tests.ProjectServiceTest.ProjectCredentialsTest","businessShouldBeAbleToCreateCredentialsAndUpdateFingerprintInTestMode"
"","980","Business should be able to create and delete credentials in TEST mode","TRUECALLER-ENTERPRISE-SDK-API-REGRESSION-SUITE","2026-10-06","failed","2026-10-06","com.truecaller.enterprise.sdk.Tests.ProjectServiceTest.ProjectCredentialsTest","ProjectCredentialsTest","com.truecaller.enterprise.sdk.Tests.ProjectServiceTest.ProjectCredentialsTest","businessShouldBeAbleToCreateAndDeleteCredentialsInTestMode"
"","981","Validate the Error Message for Empty Name in Create Project","TRUECALLER-ENTERPRISE-SDK-API-REGRESSION-SUITE","2026-10-06","failed","2026-10-06","com.truecaller.enterprise.sdk.Tests.ProjectServiceTest.ProjectTest","ProjectServiceTest","com.truecaller.enterprise.sdk.Tests.ProjectServiceTest.ProjectTest","shouldThrowErrorForEmptyNameInCreateProject"
"","984","Get project details for the given ProjectID","TRUECALLER-ENTERPRISE-SDK-API-REGRESSION-SUITE","2026-10-06","failed","2026-10-06","com.truecaller.enterprise.sdk.Tests.ProjectServiceTest.ProjectTest","ProjectServiceTest","com.truecaller.enterprise.sdk.Tests.ProjectServiceTest.ProjectTest","businessShouldBeAbleToViewDetailsOfSpecificProject"
"","979","Validate an Error Message to Delete the same Phone Number more than once","TRUECALLER-ENTERPRISE-SDK-API-REGRESSION-SUITE","2026-10-06","failed","2026-10-06","com.truecaller.enterprise.sdk.Tests.ProjectServiceTest.ProjectTest","ProjectServiceTest","com.truecaller.enterprise.sdk.Tests.ProjectServiceTest.ProjectTest","shouldThrowWhenDeletingPhoneNumberMultipleTimes"
"","1003","Business Should Able to Create the Project And Submit For Review","TRUECALLER-ENTERPRISE-SDK-API-REGRESSION-SUITE","2026-10-06","failed","2026-10-06","com.truecaller.enterprise.sdk.Tests.ProjectServiceTest.ProjectSubmitForReviewTest","ProjectSubmitForReviewTest","com.truecaller.enterprise.sdk.Tests.ProjectServiceTest.ProjectSubmitForReviewTest","businessShouldAbleToSubmitTheProjectForReview"
"","2006","Validate the Get Account Details","TRUECALLER-ENTERPRISE-SDK-API-REGRESSION-SUITE","2026-10-06","failed","2026-10-06","com.truecaller.enterprise.sdk.Tests.PartnerServiceTest.PartnerTest","PartnerServiceTest","com.truecaller.enterprise.sdk.Tests.PartnerServiceTest.PartnerTest","businessShouldAbleToGetPartnerAccountDetails"
"","956","Update Business Category with Invalid ProjectID","TRUECALLER-ENTERPRISE-SDK-API-REGRESSION-SUITE","2026-10-06","failed","2026-10-06","com.truecaller.enterprise.sdk.Tests.ProjectServiceTest.ProjectTest","ProjectServiceTest","com.truecaller.enterprise.sdk.Tests.ProjectServiceTest.ProjectTest","shouldThroughAnErrorForInvalidProjectIdInUpdateBusinessCategory"
"","955","Business should be able to deactivate and activate a project in TEST mode","TRUECALLER-ENTERPRISE-SDK-API-REGRESSION-SUITE","2026-10-06","failed","2026-10-06","com.truecaller.enterprise.sdk.Tests.ProjectServiceTest.ProjectDeactivateAndActivateTest","ProjectDeactivateAndActivateTest","com.truecaller.enterprise.sdk.Tests.ProjectServiceTest.ProjectDeactivateAndActivateTest","businessShouldBeAbleToDeactivateAndActivateProjectInTestMode"
"","956","Business should be able to create credentials and update optional preferences in TEST mode","TRUECALLER-ENTERPRISE-SDK-API-REGRESSION-SUITE","2026-10-06","failed","2026-10-06","com.truecaller.enterprise.sdk.Tests.ProjectServiceTest.ProjectOptionalPreferencesTest","ProjectOptionalPreferencesTest","com.truecaller.enterprise.sdk.Tests.ProjectServiceTest.ProjectOptionalPreferencesTest","businessShouldBeAbleToCreateCredentialsAndUpdateOptionalPreferencesInTestMode"
"","280","Business should be able to create and update consent details in TEST mode","TRUECALLER-ENTERPRISE-SDK-API-REGRESSION-SUITE","2026-10-06","failed","2026-10-06","com.truecaller.enterprise.sdk.Tests.ProjectServiceTest.ProjectConsentDetailsTest","ProjectConsentDetailsTest","com.truecaller.enterprise.sdk.Tests.ProjectServiceTest.ProjectConsentDetailsTest","businessShouldBeAbletToCreateAndUpdateConsentDetails"
"","987","Add mobile number to the specific project and validate the added Phone number","TRUECALLER-ENTERPRISE-SDK-API-REGRESSION-SUITE","2026-10-06","failed","2026-10-06","com.truecaller.enterprise.sdk.Tests.ProjectServiceTest.ProjectTest","ProjectServiceTest","com.truecaller.enterprise.sdk.Tests.ProjectServiceTest.ProjectTest","businessShouldBeAbleToAddTestPhoneNumberToProject"
"","983","Validate Error Message for Invalid Project Id In delete test Phone Number","TRUECALLER-ENTERPRISE-SDK-API-REGRESSION-SUITE","2026-10-06","failed","2026-10-06","com.truecaller.enterprise.sdk.Tests.ProjectServiceTest.ProjectTest","ProjectServiceTest","com.truecaller.enterprise.sdk.Tests.ProjectServiceTest.ProjectTest","shouldThrowAnErrorForInvalidProjectIdInDeleteTestPhoneNumber"
"","984","Business should be able to create credentials and update package name in TEST mode","TRUECALLER-ENTERPRISE-SDK-API-REGRESSION-SUITE","2026-10-06","failed","2026-10-06","com.truecaller.enterprise.sdk.Tests.ProjectServiceTest.ProjectCredentialsTest","ProjectCredentialsTest","com.truecaller.enterprise.sdk.Tests.ProjectServiceTest.ProjectCredentialsTest","businessShouldBeAbleToCreateCredentialsAndUpdatePackageNameInTestMode"
"","1011","Business should not be able to submit a project for review without developer details and other mandatory information","TRUECALLER-ENTERPRISE-SDK-API-REGRESSION-SUITE","2026-10-06","failed","2026-10-06","com.truecaller.enterprise.sdk.Tests.ProjectServiceTest.ProjectSubmitForReviewTest","ProjectSubmitForReviewTest","com.truecaller.enterprise.sdk.Tests.ProjectServiceTest.ProjectSubmitForReviewTest","shouldThrowErrorForMissingMandatoryFieldsInCreateProject"
"","991","Validate the Error Message for Invalid ProjectId in Deactivate Project","TRUECALLER-ENTERPRISE-SDK-API-REGRESSION-SUITE","2026-10-06","failed","2026-10-06","com.truecaller.enterprise.sdk.Tests.ProjectServiceTest.ProjectTest","ProjectServiceTest","com.truecaller.enterprise.sdk.Tests.ProjectServiceTest.ProjectTest","ShouldThrowErrorForInvalidProjectIdInDeactivateProject"
"","988","Validate the Error Message for Invalid Business Category in Update Business Category","TRUECALLER-ENTERPRISE-SDK-API-REGRESSION-SUITE","2026-10-06","failed","2026-10-06","com.truecaller.enterprise.sdk.Tests.ProjectServiceTest.ProjectTest","ProjectServiceTest","com.truecaller.enterprise.sdk.Tests.ProjectServiceTest.ProjectTest","ShouldThrowErrorForInvalidBusinessCategoryInUpdateBusinessCategory"
"","988","Validate Delete phone number from the project","TRUECALLER-ENTERPRISE-SDK-API-REGRESSION-SUITE","2026-10-06","failed","2026-10-06","com.truecaller.enterprise.sdk.Tests.ProjectServiceTest.ProjectTest","ProjectServiceTest","com.truecaller.enterprise.sdk.Tests.ProjectServiceTest.ProjectTest","businessShouldBeAbleToDeleteTestPhoneNumberFromProject"
"","1007","Create project with the valid request body","TRUECALLER-ENTERPRISE-SDK-API-REGRESSION-SUITE","2026-10-06","failed","2026-10-06","com.truecaller.enterprise.sdk.Tests.ProjectServiceTest.ProjectTest","ProjectServiceTest","com.truecaller.enterprise.sdk.Tests.ProjectServiceTest.ProjectTest","businessShouldAbleToCreateProject"
"","997","Update Business Category with valid request body","TRUECALLER-ENTERPRISE-SDK-API-REGRESSION-SUITE","2026-10-06","failed","2026-10-06","com.truecaller.enterprise.sdk.Tests.ProjectServiceTest.ProjectTest","ProjectServiceTest","com.truecaller.enterprise.sdk.Tests.ProjectServiceTest.ProjectTest","businessShouldBeAbleToUpdateBusinessCategory"
"","950","Business should be able to deactivate and activate a project in REVIEW mode","TRUECALLER-ENTERPRISE-SDK-API-REGRESSION-SUITE","2026-10-06","failed","2026-10-06","com.truecaller.enterprise.sdk.Tests.ProjectServiceTest.ProjectDeactivateAndActivateTest","ProjectDeactivateAndActivateTest","com.truecaller.enterprise.sdk.Tests.ProjectServiceTest.ProjectDeactivateAndActivateTest","businessShouldBeAbleToDeactivateAndActivateProjectInReviewMode"
"","986","Validate the error message for the deactivated project","TRUECALLER-ENTERPRISE-SDK-API-REGRESSION-SUITE","2026-10-06","failed","2026-10-06","com.truecaller.enterprise.sdk.Tests.ProjectServiceTest.ProjectTest","ProjectServiceTest","com.truecaller.enterprise.sdk.Tests.ProjectServiceTest.ProjectTest","shouldThrowErrorForWhenProjectIsAlreadyDeactivated"
"","1009","Verify an error response with Invalid project ID","TRUECALLER-ENTERPRISE-SDK-API-REGRESSION-SUITE","2026-10-06","failed","2026-10-06","com.truecaller.enterprise.sdk.Tests.ProjectServiceTest.ProjectTest","ProjectServiceTest","com.truecaller.enterprise.sdk.Tests.ProjectServiceTest.ProjectTest","ShouldThrowAnErrorForInvalidProjectIdInAddTestPhoneNumbers"
"","990","Validate the Error Message for Empty Name And Empty Business Category in Create Project","TRUECALLER-ENTERPRISE-SDK-API-REGRESSION-SUITE","2026-10-06","failed","2026-10-06","com.truecaller.enterprise.sdk.Tests.ProjectServiceTest.ProjectTest","ProjectServiceTest","com.truecaller.enterprise.sdk.Tests.ProjectServiceTest.ProjectTest","ShouldThrowErrorForEmptyNameAndEmptyBusinessCategoryInCreateProject"
"","987","Validate the Error Message for Empty Business Category in Create Project","TRUECALLER-ENTERPRISE-SDK-API-REGRESSION-SUITE","2026-10-06","failed","2026-10-06","com.truecaller.enterprise.sdk.Tests.ProjectServiceTest.ProjectTest","ProjectServiceTest","com.truecaller.enterprise.sdk.Tests.ProjectServiceTest.ProjectTest","ShouldThrowErrorForEmptyBusinessCategoryInCreateProject"
"","342","Validate the error message returned when a Create Project request is made without a request body","TRUECALLER-ENTERPRISE-SDK-API-REGRESSION-SUITE","2026-10-06","failed","2026-10-06","com.truecaller.enterprise.sdk.Tests.ProjectServiceTest.ProjectTest","ProjectServiceTest","com.truecaller.enterprise.sdk.Tests.ProjectServiceTest.ProjectTest","ShouldThrowErrorForEmptyBodyRequestInCreateProject"
"","957","Business should be able to create a project with a random category and update it with a different random category in TEST mode","TRUECALLER-ENTERPRISE-SDK-API-REGRESSION-SUITE","2026-10-06","failed","2026-10-06","com.truecaller.enterprise.sdk.Tests.ProjectServiceTest.ProjectCategoryTest","ProjectCategoryTest","com.truecaller.enterprise.sdk.Tests.ProjectServiceTest.ProjectCategoryTest","businessShouldBeAbleToCreateAndUpdateProjectWithRandomCategory"
